[{
        "id": "2323187",
        "comp_id": "1056",
        "formatted_date": "14.06.2018",
        "season": "2018",
        "match_number": "Match 1",
        "week": "1",
        "venue": "Olimpiyskiy stadion Luzhniki (Moskva)",
        "venue_id": "90119",
        "venue_city": "Moskva",
        "match_type": "Group A",
        "status": "",
        "timer": "",
        "time": "15:00",
        "localteam_id": "14778",
        "localteam_name": "Russia",
        "localteam_score": "",
        "visitorteam_id": "14987",
        "visitorteam_name": "Saudi Arabia",
        "visitorteam_score": "",
        "ht_score": "[]",
        "ft_score": "[-]",
        "et_score": null,
        "penalty_local": null,
        "penalty_visitor": null,
        "events": []
    },
    {
        "id": "2323188",
        "comp_id": "1056",
        "formatted_date": "15.06.2018",
        "season": "2018",
        "match_number": "Match 2",
        "week": "1",
        "match_type": "Group A",
        "venue": "Stadion Central'nyj (Ekaterinburg)",
        "venue_id": "91536",
        "venue_city": "Ekaterinburg",
        "status": "",
        "timer": "",
        "time": "12:00",
        "localteam_id": "8878",
        "localteam_name": "Egypt",
        "localteam_score": "",
        "visitorteam_id": "17412",
        "visitorteam_name": "Uruguay",
        "visitorteam_score": "",
        "ht_score": "[]",
        "ft_score": "[-]",
        "et_score": null,
        "penalty_local": null,
        "penalty_visitor": null,
        "events": []
    },
    {
        "id": "2323189",
        "comp_id": "1056",
        "formatted_date": "15.06.2018",
        "season": "2018",
        "match_number": "Match 3",
        "week": "1",
        "venue": "Stadion Krestovskyi (Sankt-Peterburg (St. Petersburg))",
        "venue_id": "90211",
        "venue_city": "St. Petersburg",
        "status": "",
        "timer": "",
        "match_type": "Group B",
        "time": "15:00",
        "localteam_id": "13094",
        "localteam_name": "Morocco",
        "localteam_score": "",
        "visitorteam_id": "11442",
        "visitorteam_name": "Iran",
        "visitorteam_score": "",
        "ht_score": "[]",
        "ft_score": "[-]",
        "et_score": null,
        "penalty_local": null,
        "penalty_visitor": null,
        "events": []
    },
    {
        "id": "2323190",
        "comp_id": "1056",
        "formatted_date": "15.06.2018",
        "season": "2018",
        "match_number": "Match 4",
        "week": "1",
        "venue": "Olimpiyskiy Stadion Fisht (Sochi)",
        "venue_id": "89713",
        "venue_city": "Sochi",
        "status": "",
        "timer": "",
        "match_type": "Group B",
        "time": "18:00",
        "localteam_id": "14227",
        "localteam_name": "Portugal",
        "localteam_score": "",
        "visitorteam_id": "15622",
        "visitorteam_name": "Spain",
        "visitorteam_score": "",
        "ht_score": "[]",
        "ft_score": "[-]",
        "et_score": null,
        "penalty_local": null,
        "penalty_visitor": null,
        "events": []
    },
    {
        "id": "2323191",
        "comp_id": "1056",
        "formatted_date": "16.06.2018",
        "season": "2018",
        "match_number": "Match 5",
        "week": "1",
        "venue": "Kazan' Arena (Kazan')",
        "venue_id": "82606",
        "venue_city": "Kazan'",
        "status": "",
        "timer": "",
        "match_type": "Group C",
        "time": "10:00",
        "localteam_id": "9815",
        "localteam_name": "France",
        "localteam_score": "",
        "visitorteam_id": "6135",
        "visitorteam_name": "Australia",
        "visitorteam_score": "",
        "ht_score": "[]",
        "ft_score": "[-]",
        "et_score": null,
        "penalty_local": null,
        "penalty_visitor": null,
        "events": []
    },
    {
        "id": "2323192",
        "comp_id": "1056",
        "formatted_date": "16.06.2018",
        "season": "2018",
        "match_number": "Match 6",
        "week": "1",
        "venue": "Otkrytiye Arena (Moskva)",
        "venue_id": "76836",
        "venue_city": "Moskva",
        "status": "",
        "timer": "",
        "time": "13:00",
        "match_type": "Group D",
        "localteam_id": "5886",
        "localteam_name": "Argentina",
        "localteam_score": "",
        "visitorteam_id": "11262",
        "visitorteam_name": "Iceland",
        "visitorteam_score": "",
        "ht_score": "[]",
        "ft_score": "[-]",
        "et_score": null,
        "penalty_local": null,
        "penalty_visitor": null,
        "events": []
    },
    {
        "id": "2323193",
        "comp_id": "1056",
        "formatted_date": "16.06.2018",
        "season": "2018",
        "match_number": "Match 7",
        "week": "1",
        "venue": "Mordovia Arena (Saransk)",
        "venue_id": "91537",
        "match_type": "Group C",
        "venue_city": "Saransk",
        "status": "",
        "timer": "",
        "time": "16:00",
        "localteam_id": "13898",
        "localteam_name": "Peru",
        "localteam_score": "",
        "visitorteam_id": "8671",
        "visitorteam_name": "Denmark",
        "visitorteam_score": "",
        "ht_score": "[]",
        "ft_score": "[-]",
        "et_score": null,
        "penalty_local": null,
        "penalty_visitor": null,
        "events": []
    },
    {
        "id": "2323194",
        "comp_id": "1056",
        "formatted_date": "16.06.2018",
        "season": "2018",
        "match_number": "Match 8",
        "week": "1",
        "venue": "Stadion Baltika (Kaliningrad)",
        "venue_id": "88598",
        "venue_city": "Kaliningrad",
        "status": "",
        "timer": "",
        "time": "19:00",
        "match_type": "Group D",
        "localteam_id": "8243",
        "localteam_name": "Croatia",
        "localteam_score": "",
        "visitorteam_id": "13584",
        "visitorteam_name": "Nigeria",
        "visitorteam_score": "",
        "ht_score": "[]",
        "ft_score": "[-]",
        "et_score": null,
        "penalty_local": null,
        "penalty_visitor": null,
        "events": []
    },
    {
        "id": "2323195",
        "comp_id": "1056",
        "formatted_date": "17.06.2018",
        "season": "2018",
        "match_number": "Match 9",
        "week": "1",
        "venue": "Samara Arena (Samara)",
        "venue_id": "91538",
        "venue_city": "Samara",
        "status": "",
        "match_type": "Group E",
        "timer": "",
        "time": "12:00",
        "localteam_id": "8182",
        "localteam_name": "Costa Rica",
        "localteam_score": "",
        "visitorteam_id": "15152",
        "visitorteam_name": "Serbia",
        "visitorteam_score": "",
        "ht_score": "[]",
        "ft_score": "[-]",
        "et_score": null,
        "penalty_local": null,
        "penalty_visitor": null,
        "events": []
    },
    {
        "id": "2323196",
        "comp_id": "1056",
        "formatted_date": "17.06.2018",
        "season": "2018",
        "match_number": "Match 10",
        "week": "1",
        "venue": "Olimpiyskiy stadion Luzhniki (Moskva)",
        "venue_id": "90119",
        "venue_city": "Moskva",
        "status": "",
        "timer": "",
        "time": "15:00",
        "localteam_id": "10245",
        "match_type": "Group F",
        "localteam_name": "Germany",
        "localteam_score": "",
        "visitorteam_id": "12909",
        "visitorteam_name": "Mexico",
        "visitorteam_score": "",
        "ht_score": "[]",
        "ft_score": "[-]",
        "et_score": null,
        "penalty_local": null,
        "penalty_visitor": null,
        "events": []
    },
    {
        "id": "2323197",
        "comp_id": "1056",
        "formatted_date": "17.06.2018",
        "season": "2018",
        "match_number": "Match 11",
        "week": "1",
        "venue": "Rostov Arena (Rostov)",
        "venue_id": "91539",
        "venue_city": "Rostov",
        "status": "",
        "match_type": "Group E",
        "timer": "",
        "time": "18:00",
        "localteam_id": "7084",
        "localteam_name": "Brazil",
        "localteam_score": "",
        "visitorteam_id": "16598",
        "visitorteam_name": "Switzerland",
        "visitorteam_score": "",
        "ht_score": "[]",
        "ft_score": "[-]",
        "et_score": null,
        "penalty_local": null,
        "penalty_visitor": null,
        "events": []
    },
    {
        "id": "2323198",
        "comp_id": "1056",
        "formatted_date": "18.06.2018",
        "season": "2018",
        "match_number": "Match 12",
        "week": "1",
        "venue": "Stadion Nizhny Novgorod (Nizhniy Novgorod (Nizhnij Novgorod))",
        "venue_id": "91540",
        "venue_city": "Nizhnij Novgorod",
        "status": "",
        "timer": "",
        "time": "12:00",
        "match_type": "Group F",
        "localteam_id": "16400",
        "localteam_name": "Sweden",
        "localteam_score": "",
        "visitorteam_id": "12303",
        "visitorteam_name": "Korea Republic",
        "visitorteam_score": "",
        "ht_score": "[]",
        "ft_score": "[-]",
        "et_score": null,
        "penalty_local": null,
        "penalty_visitor": null,
        "events": []
    },
    {
        "id": "2323199",
        "comp_id": "1056",
        "formatted_date": "18.06.2018",
        "season": "2018",
        "match_number": "Match 13",
        "week": "1",
        "venue": "Olimpiyskiy Stadion Fisht (Sochi)",
        "venue_id": "89713",
        "venue_city": "Sochi",
        "status": "",
        "timer": "",
        "time": "15:00",
        "localteam_id": "6737",
        "match_type": "Group G",
        "localteam_name": "Belgium",
        "localteam_score": "",
        "visitorteam_id": "13849",
        "visitorteam_name": "Panama",
        "visitorteam_score": "",
        "ht_score": "[]",
        "ft_score": "[-]",
        "et_score": null,
        "penalty_local": null,
        "penalty_visitor": null,
        "events": []
    },
    {
        "id": "2323200",
        "comp_id": "1056",
        "formatted_date": "18.06.2018",
        "season": "2018",
        "match_number": "Match 14",
        "week": "1",
        "venue": "Volgograd Arena (Volgograd)",
        "venue_id": "91541",
        "venue_city": "Volgograd",
        "status": "",
        "timer": "",
        "time": "18:00",
        "localteam_id": "16913",
        "localteam_name": "Tunisia",
        "localteam_score": "",
        "visitorteam_id": "8981",
        "match_type": "Group G",
        "visitorteam_name": "England",
        "visitorteam_score": "",
        "ht_score": "[]",
        "ft_score": "[-]",
        "et_score": null,
        "penalty_local": null,
        "penalty_visitor": null,
        "events": []
    },
    {
        "id": "2323201",
        "comp_id": "1056",
        "formatted_date": "19.06.2018",
        "season": "2018",
        "match_number": "Match 15",
        "week": "1",
        "venue": "Mordovia Arena (Saransk)",
        "venue_id": "91537",
        "venue_city": "Saransk",
        "status": "",
        "timer": "",
        "time": "12:00",
        "localteam_id": "8117",
        "match_type": "Group H",
        "localteam_name": "Colombia",
        "localteam_score": "",
        "visitorteam_id": "12124",
        "visitorteam_name": "Japan",
        "visitorteam_score": "",
        "ht_score": "[]",
        "ft_score": "[-]",
        "et_score": null,
        "penalty_local": null,
        "penalty_visitor": null,
        "events": []
    },
    {
        "id": "2323202",
        "comp_id": "1056",
        "formatted_date": "19.06.2018",
        "season": "2018",
        "match_number": "Match 16",
        "week": "1",
        "venue": "Otkrytiye Arena (Moskva)",
        "venue_id": "76836",
        "venue_city": "Moskva",
        "status": "",
        "timer": "",
        "time": "15:00",
        "localteam_id": "13953",
        "localteam_name": "Poland",
        "localteam_score": "",
        "match_type": "Group H",
        "visitorteam_id": "15132",
        "visitorteam_name": "Senegal",
        "visitorteam_score": "",
        "ht_score": "[]",
        "ft_score": "[-]",
        "et_score": null,
        "penalty_local": null,
        "penalty_visitor": null,
        "events": []
    },
    {
        "id": "2323203",
        "comp_id": "1056",
        "formatted_date": "19.06.2018",
        "season": "2018",
        "match_number": "Match 17",
        "week": "2",
        "venue": "Stadion Krestovskyi (Sankt-Peterburg (St. Petersburg))",
        "venue_id": "90211",
        "venue_city": "St. Petersburg",
        "status": "",
        "match_type": "Group A",
        "timer": "",
        "time": "18:00",
        "localteam_id": "14778",
        "localteam_name": "Russia",
        "localteam_score": "",
        "visitorteam_id": "8878",
        "visitorteam_name": "Egypt",
        "visitorteam_score": "",
        "ht_score": "[]",
        "ft_score": "[-]",
        "et_score": null,
        "penalty_local": null,
        "penalty_visitor": null,
        "events": []
    },
    {
        "id": "2323204",
        "comp_id": "1056",
        "formatted_date": "20.06.2018",
        "season": "2018",
        "match_number": "Match 18",
        "week": "2",
        "venue": "Olimpiyskiy stadion Luzhniki (Moskva)",
        "venue_id": "90119",
        "venue_city": "Moskva",
        "status": "",
        "timer": "",
        "time": "12:00",
        "match_type": "Group B",
        "localteam_id": "14227",
        "localteam_name": "Portugal",
        "localteam_score": "",
        "visitorteam_id": "13094",
        "visitorteam_name": "Morocco",
        "visitorteam_score": "",
        "ht_score": "[]",
        "ft_score": "[-]",
        "et_score": null,
        "penalty_local": null,
        "penalty_visitor": null,
        "events": []
    },
    {
        "id": "2323205",
        "comp_id": "1056",
        "formatted_date": "20.06.2018",
        "season": "2018",
        "match_number": "Match 19",
        "week": "2",
        "venue": "Rostov Arena (Rostov)",
        "venue_id": "91539",
        "venue_city": "Rostov",
        "status": "",
        "timer": "",
        "match_type": "Group A",
        "time": "15:00",
        "localteam_id": "17412",
        "localteam_name": "Uruguay",
        "localteam_score": "",
        "visitorteam_id": "14987",
        "visitorteam_name": "Saudi Arabia",
        "visitorteam_score": "",
        "ht_score": "[]",
        "ft_score": "[-]",
        "et_score": null,
        "penalty_local": null,
        "penalty_visitor": null,
        "events": []
    },
    {
        "id": "2323206",
        "comp_id": "1056",
        "formatted_date": "20.06.2018",
        "season": "2018",
        "match_number": "Match 20",
        "week": "2",
        "venue": "Kazan' Arena (Kazan')",
        "venue_id": "82606",
        "venue_city": "Kazan'",
        "status": "",
        "timer": "",
        "time": "18:00",
        "match_type": "Group B",
        "localteam_id": "11442",
        "localteam_name": "Iran",
        "localteam_score": "",
        "visitorteam_id": "15622",
        "visitorteam_name": "Spain",
        "visitorteam_score": "",
        "ht_score": "[]",
        "ft_score": "[-]",
        "et_score": null,
        "penalty_local": null,
        "penalty_visitor": null,
        "events": []
    },
    {
        "id": "2323207",
        "comp_id": "1056",
        "formatted_date": "21.06.2018",
        "season": "2018",
        "match_number": "Match 21",
        "week": "2",
        "venue": "Samara Arena (Samara)",
        "venue_id": "91538",
        "venue_city": "Samara",
        "status": "",
        "timer": "",
        "time": "12:00",
        "localteam_id": "8671",
        "match_type": "Group C",
        "localteam_name": "Denmark",
        "localteam_score": "",
        "visitorteam_id": "6135",
        "visitorteam_name": "Australia",
        "visitorteam_score": "",
        "ht_score": "[]",
        "ft_score": "[-]",
        "et_score": null,
        "penalty_local": null,
        "penalty_visitor": null,
        "events": []
    },
    {
        "id": "2323208",
        "comp_id": "1056",
        "formatted_date": "21.06.2018",
        "season": "2018",
        "match_number": "Match 22",
        "week": "2",
        "venue": "Stadion Central'nyj (Ekaterinburg)",
        "venue_id": "91536",
        "venue_city": "Ekaterinburg",
        "status": "",
        "timer": "",
        "match_type": "Group C",
        "time": "15:00",
        "localteam_id": "9815",
        "localteam_name": "France",
        "localteam_score": "",
        "visitorteam_id": "13898",
        "visitorteam_name": "Peru",
        "visitorteam_score": "",
        "ht_score": "[]",
        "ft_score": "[-]",
        "et_score": null,
        "penalty_local": null,
        "penalty_visitor": null,
        "events": []
    },
    {
        "id": "2323209",
        "comp_id": "1056",
        "formatted_date": "21.06.2018",
        "season": "2018",
        "match_number": "Match 23",
        "week": "2",
        "venue": "Stadion Nizhny Novgorod (Nizhniy Novgorod (Nizhnij Novgorod))",
        "venue_id": "91540",
        "venue_city": "Nizhnij Novgorod",
        "status": "",
        "timer": "",
        "match_type": "Group D",
        "time": "18:00",
        "localteam_id": "5886",
        "localteam_name": "Argentina",
        "localteam_score": "",
        "visitorteam_id": "8243",
        "visitorteam_name": "Croatia",
        "visitorteam_score": "",
        "ht_score": "[]",
        "ft_score": "[-]",
        "et_score": null,
        "penalty_local": null,
        "penalty_visitor": null,
        "events": []
    },
    {
        "id": "2323210",
        "comp_id": "1056",
        "formatted_date": "22.06.2018",
        "season": "2018",
        "match_number": "Match 24",
        "week": "2",
        "venue": "Stadion Krestovskyi (Sankt-Peterburg (St. Petersburg))",
        "venue_id": "90211",
        "venue_city": "St. Petersburg",
        "status": "",
        "timer": "",
        "time": "12:00",
        "localteam_id": "7084",
        "localteam_name": "Brazil",
        "localteam_score": "",
        "visitorteam_id": "8182",
        "match_type": "Group E",
        "visitorteam_name": "Costa Rica",
        "visitorteam_score": "",
        "ht_score": "[]",
        "ft_score": "[-]",
        "et_score": null,
        "penalty_local": null,
        "penalty_visitor": null,
        "events": []
    },
    {
        "id": "2323211",
        "comp_id": "1056",
        "formatted_date": "22.06.2018",
        "season": "2018",
        "match_number": "Match 25",
        "week": "2",
        "match_type": "Group D",
        "venue": "Volgograd Arena (Volgograd)",
        "venue_id": "91541",
        "venue_city": "Volgograd",
        "status": "",
        "timer": "",
        "time": "15:00",
        "localteam_id": "13584",
        "localteam_name": "Nigeria",
        "localteam_score": "",
        "visitorteam_id": "11262",
        "visitorteam_name": "Iceland",
        "visitorteam_score": "",
        "ht_score": "[]",
        "ft_score": "[-]",
        "et_score": null,
        "penalty_local": null,
        "penalty_visitor": null,
        "events": []
    },
    {
        "id": "2323212",
        "comp_id": "1056",
        "formatted_date": "22.06.2018",
        "season": "2018",
        "match_number": "Match 26",
        "week": "2",
        "venue": "Stadion Baltika (Kaliningrad)",
        "venue_id": "88598",
        "venue_city": "Kaliningrad",
        "status": "",
        "timer": "",
        "match_type": "Group E",
        "time": "18:00",
        "localteam_id": "15152",
        "localteam_name": "Serbia",
        "localteam_score": "",
        "visitorteam_id": "16598",
        "visitorteam_name": "Switzerland",
        "visitorteam_score": "",
        "ht_score": "[]",
        "ft_score": "[-]",
        "et_score": null,
        "penalty_local": null,
        "penalty_visitor": null,
        "events": []
    },
    {
        "id": "2323213",
        "comp_id": "1056",
        "formatted_date": "23.06.2018",
        "season": "2018",
        "match_number": "Match 27",
        "week": "2",
        "venue": "Otkrytiye Arena (Moskva)",
        "venue_id": "76836",
        "venue_city": "Moskva",
        "status": "",
        "timer": "",
        "time": "12:00",
        "localteam_id": "6737",
        "match_type": "Group G",
        "localteam_name": "Belgium",
        "localteam_score": "",
        "visitorteam_id": "16913",
        "visitorteam_name": "Tunisia",
        "visitorteam_score": "",
        "ht_score": "[]",
        "ft_score": "[-]",
        "et_score": null,
        "penalty_local": null,
        "penalty_visitor": null,
        "events": []
    },
    {
        "id": "2323214",
        "comp_id": "1056",
        "formatted_date": "23.06.2018",
        "season": "2018",
        "match_number": "Match 28",
        "week": "2",
        "venue": "Rostov Arena (Rostov)",
        "venue_id": "91539",
        "venue_city": "Rostov",
        "status": "",
        "timer": "",
        "time": "15:00",
        "localteam_id": "12303",
        "localteam_name": "Korea Republic",
        "localteam_score": "",
        "match_type": "Group F",
        "visitorteam_id": "12909",
        "visitorteam_name": "Mexico",
        "visitorteam_score": "",
        "ht_score": "[]",
        "ft_score": "[-]",
        "et_score": null,
        "penalty_local": null,
        "penalty_visitor": null,
        "events": []
    },
    {
        "id": "2323215",
        "comp_id": "1056",
        "formatted_date": "23.06.2018",
        "season": "2018",
        "match_number": "Match 29",
        "week": "2",
        "venue": "Olimpiyskiy Stadion Fisht (Sochi)",
        "venue_id": "89713",
        "venue_city": "Sochi",
        "status": "",
        "timer": "",
        "time": "18:00",
        "localteam_id": "10245",
        "match_type": "Group F",
        "localteam_name": "Germany",
        "localteam_score": "",
        "visitorteam_id": "16400",
        "visitorteam_name": "Sweden",
        "visitorteam_score": "",
        "ht_score": "[]",
        "ft_score": "[-]",
        "et_score": null,
        "penalty_local": null,
        "penalty_visitor": null,
        "events": []
    },
    {
        "id": "2323216",
        "comp_id": "1056",
        "formatted_date": "24.06.2018",
        "season": "2018",
        "match_number": "Match 30",
        "week": "2",
        "venue": "Stadion Nizhny Novgorod (Nizhniy Novgorod (Nizhnij Novgorod))",
        "venue_id": "91540",
        "venue_city": "Nizhnij Novgorod",
        "status": "",
        "timer": "",
        "time": "12:00",
        "localteam_id": "8981",
        "localteam_name": "England",
        "localteam_score": "",
        "match_type": "Group G",
        "visitorteam_id": "13849",
        "visitorteam_name": "Panama",
        "visitorteam_score": "",
        "ht_score": "[]",
        "ft_score": "[-]",
        "et_score": null,
        "penalty_local": null,
        "penalty_visitor": null,
        "events": []
    },
    {
        "id": "2323217",
        "comp_id": "1056",
        "formatted_date": "24.06.2018",
        "season": "2018",
        "match_number": "Match 21",
        "week": "2",
        "venue": "Stadion Central'nyj (Ekaterinburg)",
        "venue_id": "91536",
        "venue_city": "Ekaterinburg",
        "status": "",
        "timer": "",
        "time": "15:00",
        "localteam_id": "12124",
        "match_type": "Group H",
        "localteam_name": "Japan",
        "localteam_score": "",
        "visitorteam_id": "15132",
        "visitorteam_name": "Senegal",
        "visitorteam_score": "",
        "ht_score": "[]",
        "ft_score": "[-]",
        "et_score": null,
        "penalty_local": null,
        "penalty_visitor": null,
        "events": []
    },
    {
        "id": "2323218",
        "comp_id": "1056",
        "formatted_date": "24.06.2018",
        "season": "2018",
        "match_number": "Match 32",
        "week": "2",
        "venue": "Kazan' Arena (Kazan')",
        "venue_id": "82606",
        "venue_city": "Kazan'",
        "status": "",
        "timer": "",
        "time": "18:00",
        "localteam_id": "13953",
        "localteam_name": "Poland",
        "localteam_score": "",
        "visitorteam_id": "8117",
        "match_type": "Group H",
        "visitorteam_name": "Colombia",
        "visitorteam_score": "",
        "ht_score": "[]",
        "ft_score": "[-]",
        "et_score": null,
        "penalty_local": null,
        "penalty_visitor": null,
        "events": []
    },
    {
        "id": "2323219",
        "comp_id": "1056",
        "formatted_date": "25.06.2018",
        "season": "2018",
        "match_number": "Match 33",
        "week": "3",
        "venue": "Samara Arena (Samara)",
        "venue_id": "91538",
        "venue_city": "Samara",
        "status": "",
        "timer": "",
        "match_type": "Group A",
        "time": "14:00",
        "localteam_id": "17412",
        "localteam_name": "Uruguay",
        "localteam_score": "",
        "visitorteam_id": "14778",
        "visitorteam_name": "Russia",
        "visitorteam_score": "",
        "ht_score": "[]",
        "ft_score": "[-]",
        "et_score": null,
        "penalty_local": null,
        "penalty_visitor": null,
        "events": []
    },
    {
        "id": "2323220",
        "comp_id": "1056",
        "formatted_date": "25.06.2018",
        "season": "2018",
        "match_number": "Match 34",
        "week": "3",
        "venue": "Volgograd Arena (Volgograd)",
        "venue_id": "91541",
        "venue_city": "Volgograd",
        "status": "",
        "timer": "",
        "match_type": "Group A",
        "time": "14:00",
        "localteam_id": "14987",
        "localteam_name": "Saudi Arabia",
        "localteam_score": "",
        "visitorteam_id": "8878",
        "visitorteam_name": "Egypt",
        "visitorteam_score": "",
        "ht_score": "[]",
        "ft_score": "[-]",
        "et_score": null,
        "penalty_local": null,
        "penalty_visitor": null,
        "events": []
    },
    {
        "id": "2323221",
        "comp_id": "1056",
        "formatted_date": "25.06.2018",
        "season": "2018",
        "match_number": "Match 35",
        "week": "3",
        "venue": "Mordovia Arena (Saransk)",
        "venue_id": "91537",
        "venue_city": "Saransk",
        "status": "",
        "timer": "",
        "match_type": "Group B",
        "time": "18:00",
        "localteam_id": "11442",
        "localteam_name": "Iran",
        "localteam_score": "",
        "visitorteam_id": "14227",
        "visitorteam_name": "Portugal",
        "visitorteam_score": "",
        "ht_score": "[]",
        "ft_score": "[-]",
        "et_score": null,
        "penalty_local": null,
        "penalty_visitor": null,
        "events": []
    },
    {
        "id": "2323222",
        "comp_id": "1056",
        "formatted_date": "25.06.2018",
        "season": "2018",
        "match_number": "Match 36",
        "week": "3",
        "venue": "Stadion Baltika (Kaliningrad)",
        "venue_id": "88598",
        "venue_city": "Kaliningrad",
        "status": "",
        "timer": "",
        "match_type": "Group B",
        "time": "18:00",
        "localteam_id": "15622",
        "localteam_name": "Spain",
        "localteam_score": "",
        "visitorteam_id": "13094",
        "visitorteam_name": "Morocco",
        "visitorteam_score": "",
        "ht_score": "[]",
        "ft_score": "[-]",
        "et_score": null,
        "penalty_local": null,
        "penalty_visitor": null,
        "events": []
    },
    {
        "id": "2323223",
        "comp_id": "1056",
        "formatted_date": "26.06.2018",
        "season": "2018",
        "match_number": "Match 37",
        "week": "3",
        "venue": "Olimpiyskiy stadion Luzhniki (Moskva)",
        "venue_id": "90119",
        "venue_city": "Moskva",
        "status": "",
        "timer": "",
        "time": "14:00",
        "localteam_id": "8671",
        "match_type": "Group C",
        "localteam_name": "Denmark",
        "localteam_score": "",
        "visitorteam_id": "9815",
        "visitorteam_name": "France",
        "visitorteam_score": "",
        "ht_score": "[]",
        "ft_score": "[-]",
        "et_score": null,
        "penalty_local": null,
        "penalty_visitor": null,
        "events": []
    },
    {
        "id": "2323224",
        "comp_id": "1056",
        "formatted_date": "26.06.2018",
        "season": "2018",
        "match_number": "Match 38",
        "week": "3",
        "match_type": "Group C",
        "venue": "Olimpiyskiy Stadion Fisht (Sochi)",
        "venue_id": "89713",
        "venue_city": "Sochi",
        "status": "",
        "timer": "",
        "time": "14:00",
        "localteam_id": "6135",
        "localteam_name": "Australia",
        "localteam_score": "",
        "visitorteam_id": "13898",
        "visitorteam_name": "Peru",
        "visitorteam_score": "",
        "ht_score": "[]",
        "ft_score": "[-]",
        "et_score": null,
        "penalty_local": null,
        "penalty_visitor": null,
        "events": []
    },
    {
        "id": "2323225",
        "comp_id": "1056",
        "formatted_date": "26.06.2018",
        "season": "2018",
        "match_number": "Match 39",
        "week": "3",
        "venue": "Stadion Krestovskyi (Sankt-Peterburg (St. Petersburg))",
        "venue_id": "90211",
        "venue_city": "St. Petersburg",
        "status": "",
        "timer": "",
        "match_type": "Group D",
        "time": "18:00",
        "localteam_id": "13584",
        "localteam_name": "Nigeria",
        "localteam_score": "",
        "visitorteam_id": "5886",
        "visitorteam_name": "Argentina",
        "visitorteam_score": "",
        "ht_score": "[]",
        "ft_score": "[-]",
        "et_score": null,
        "penalty_local": null,
        "penalty_visitor": null,
        "events": []
    },
    {
        "id": "2323226",
        "comp_id": "1056",
        "formatted_date": "26.06.2018",
        "season": "2018",
        "match_number": "Match 40",
        "week": "3",
        "venue": "Rostov Arena (Rostov)",
        "venue_id": "91539",
        "venue_city": "Rostov",
        "status": "",
        "match_type": "Group D",
        "timer": "",
        "time": "18:00",
        "localteam_id": "11262",
        "localteam_name": "Iceland",
        "localteam_score": "",
        "visitorteam_id": "8243",
        "visitorteam_name": "Croatia",
        "visitorteam_score": "",
        "ht_score": "[]",
        "ft_score": "[-]",
        "et_score": null,
        "penalty_local": null,
        "penalty_visitor": null,
        "events": []
    },
    {
        "id": "2323227",
        "comp_id": "1056",
        "formatted_date": "27.06.2018",
        "season": "2018",
        "match_number": "Match 41",
        "week": "3",
        "venue": "Stadion Central'nyj (Ekaterinburg)",
        "venue_id": "91536",
        "venue_city": "Ekaterinburg",
        "status": "",
        "timer": "",
        "time": "14:00",
        "localteam_id": "12909",
        "localteam_name": "Mexico",
        "match_type": "Group F",
        "localteam_score": "",
        "visitorteam_id": "16400",
        "visitorteam_name": "Sweden",
        "visitorteam_score": "",
        "ht_score": "[]",
        "ft_score": "[-]",
        "et_score": null,
        "penalty_local": null,
        "penalty_visitor": null,
        "events": []
    },
    {
        "id": "2323228",
        "comp_id": "1056",
        "formatted_date": "27.06.2018",
        "season": "2018",
        "match_number": "Match 42",
        "week": "3",
        "venue": "Kazan' Arena (Kazan')",
        "venue_id": "82606",
        "venue_city": "Kazan'",
        "status": "",
        "timer": "",
        "time": "14:00",
        "localteam_id": "12303",
        "localteam_name": "Korea Republic",
        "localteam_score": "",
        "visitorteam_id": "10245",
        "match_type": "Group F",
        "visitorteam_name": "Germany",
        "visitorteam_score": "",
        "ht_score": "[]",
        "ft_score": "[-]",
        "et_score": null,
        "penalty_local": null,
        "penalty_visitor": null,
        "events": []
    },
    {
        "id": "2323229",
        "comp_id": "1056",
        "formatted_date": "27.06.2018",
        "season": "2018",
        "match_number": "Match 43",
        "week": "3",
        "venue": "Otkrytiye Arena (Moskva)",
        "venue_id": "76836",
        "venue_city": "Moskva",
        "status": "",
        "timer": "",
        "time": "18:00",
        "localteam_id": "15152",
        "localteam_name": "Serbia",
        "localteam_score": "",
        "visitorteam_id": "7084",
        "match_type": "Group E",
        "visitorteam_name": "Brazil",
        "visitorteam_score": "",
        "ht_score": "[]",
        "ft_score": "[-]",
        "et_score": null,
        "penalty_local": null,
        "penalty_visitor": null,
        "events": []
    },
    {
        "id": "2323230",
        "comp_id": "1056",
        "formatted_date": "27.06.2018",
        "season": "2018",
        "match_number": "Match 44",
        "week": "3",
        "venue": "Stadion Nizhny Novgorod (Nizhniy Novgorod (Nizhnij Novgorod))",
        "venue_id": "91540",
        "venue_city": "Nizhnij Novgorod",
        "status": "",
        "timer": "",
        "time": "18:00",
        "localteam_id": "16598",
        "localteam_name": "Switzerland",
        "localteam_score": "",
        "visitorteam_id": "8182",
        "match_type": "Group E",
        "visitorteam_name": "Costa Rica",
        "visitorteam_score": "",
        "ht_score": "[]",
        "ft_score": "[-]",
        "et_score": null,
        "penalty_local": null,
        "penalty_visitor": null,
        "events": []
    },
    {
        "id": "2323231",
        "comp_id": "1056",
        "formatted_date": "28.06.2018",
        "season": "2018",
        "match_number": "Match 45",
        "week": "3",
        "venue": "Volgograd Arena (Volgograd)",
        "venue_id": "91541",
        "venue_city": "Volgograd",
        "status": "",
        "timer": "",
        "time": "14:00",
        "localteam_id": "12124",
        "localteam_name": "Japan",
        "localteam_score": "",
        "visitorteam_id": "13953",
        "match_type": "Group H",
        "visitorteam_name": "Poland",
        "visitorteam_score": "",
        "ht_score": "[]",
        "ft_score": "[-]",
        "et_score": null,
        "penalty_local": null,
        "penalty_visitor": null,
        "events": []
    },
    {
        "id": "2323232",
        "comp_id": "1056",
        "formatted_date": "28.06.2018",
        "season": "2018",
        "match_number": "Match 46",
        "week": "3",
        "venue": "Samara Arena (Samara)",
        "venue_id": "91538",
        "venue_city": "Samara",
        "status": "",
        "timer": "",
        "time": "14:00",
        "localteam_id": "15132",
        "localteam_name": "Senegal",
        "localteam_score": "",
        "visitorteam_id": "8117",
        "match_type": "Group H",
        "visitorteam_name": "Colombia",
        "visitorteam_score": "",
        "ht_score": "[]",
        "ft_score": "[-]",
        "et_score": null,
        "penalty_local": null,
        "penalty_visitor": null,
        "events": []
    },
    {
        "id": "2323233",
        "comp_id": "1056",
        "formatted_date": "28.06.2018",
        "season": "2018",
        "match_number": "Match 47",
        "week": "3",
        "venue": "Mordovia Arena (Saransk)",
        "venue_id": "91537",
        "venue_city": "Saransk",
        "status": "",
        "timer": "",
        "time": "18:00",
        "localteam_id": "13849",
        "localteam_name": "Panama",
        "localteam_score": "",
        "match_type": "Group G",
        "visitorteam_id": "16913",
        "visitorteam_name": "Tunisia",
        "visitorteam_score": "",
        "ht_score": "[]",
        "ft_score": "[-]",
        "et_score": null,
        "penalty_local": null,
        "penalty_visitor": null,
        "events": []
    },
    {
        "id": "2323234",
        "comp_id": "1056",
        "formatted_date": "28.06.2018",
        "season": "2018",
        "match_number": "Match 48",
        "week": "3",
        "venue": "Stadion Baltika (Kaliningrad)",
        "venue_id": "88598",
        "venue_city": "Kaliningrad",
        "status": "",
        "timer": "",
        "time": "18:00",
        "localteam_id": "8981",
        "localteam_name": "England",
        "localteam_score": "",
        "match_type": "Group G",
        "visitorteam_id": "6737",
        "visitorteam_name": "Belgium",
        "visitorteam_score": "",
        "ht_score": "[]",
        "ft_score": "[-]",
        "et_score": null,
        "penalty_local": null,
        "penalty_visitor": null,
        "events": []
    },
    {
        "id": "2386102",
        "match_type": "Round Of 16",
        "comp_id": "1056",
        "formatted_date": "30.06.2018",
        "season": "2018",
        "match_number": "Match 49",
        "week": "4",
        "venue": "Olimpiyskiy Stadion Fisht (Sochi)",
        "venue_id": "89713",
        "venue_city": "Sochi",
        "status": "",
        "timer": "",
        "time": "14:00",
        "localteam_id": "",
        "localteam_name": "1A",
        "localteam_score": "",
        "visitorteam_id": "",
        "visitorteam_name": "2B",
        "visitorteam_score": "",
        "ht_score": "[]",
        "ft_score": "[-]",
        "et_score": null,
        "penalty_local": null,
        "penalty_visitor": null,
        "events": []
    },
    {
        "id": "2385996",
        "comp_id": "1056",
        "match_type": "Round Of 16",
        "formatted_date": "30.06.2018",
        "season": "2018",
        "match_number": "Match 50",
        "week": "4",
        "venue": "Kazan' Arena (Kazan')",
        "venue_id": "82606",
        "venue_city": "Kazan'",
        "status": "",
        "timer": "",
        "time": "18:00",
        "localteam_id": "",
        "localteam_name": "1C",
        "localteam_score": "",
        "visitorteam_id": "",
        "visitorteam_name": "2D",
        "visitorteam_score": "",
        "ht_score": "[]",
        "ft_score": "[-]",
        "et_score": null,
        "penalty_local": null,
        "penalty_visitor": null,
        "events": []
    },
    {
        "id": "2385997",
        "comp_id": "1056",
        "match_type": "Round Of 16",
        "formatted_date": "01.07.2018",
        "season": "2018",
        "match_number": "Match 51",
        "week": "4",
        "venue": "Olimpiyskiy stadion Luzhniki (Moskva)",
        "venue_id": "90119",
        "venue_city": "Moskva",
        "status": "",
        "timer": "",
        "time": "14:00",
        "localteam_id": "",
        "localteam_name": "1B",
        "localteam_score": "",
        "visitorteam_id": "",
        "visitorteam_name": "2A",
        "visitorteam_score": "",
        "ht_score": "[]",
        "ft_score": "[-]",
        "et_score": null,
        "penalty_local": null,
        "penalty_visitor": null,
        "events": []
    },
    {
        "id": "2386103",
        "comp_id": "1056",
        "match_type": "Round Of 16",
        "formatted_date": "01.07.2018",
        "season": "2018",
        "match_number": "Match 52",
        "week": "4",
        "venue": "Stadion Nizhny Novgorod (Nizhniy Novgorod (Nizhnij Novgorod))",
        "venue_id": "91540",
        "venue_city": "Nizhnij Novgorod",
        "status": "",
        "timer": "",
        "time": "18:00",
        "localteam_id": "",
        "localteam_name": "1D",
        "localteam_score": "",
        "visitorteam_id": "",
        "visitorteam_name": "2C",
        "visitorteam_score": "",
        "ht_score": "[]",
        "ft_score": "[-]",
        "et_score": null,
        "penalty_local": null,
        "penalty_visitor": null,
        "events": []
    },
    {
        "id": "2386459",
        "comp_id": "1056",
        "match_type": "Round Of 16",
        "formatted_date": "02.07.2018",
        "season": "2018",
        "match_number": "Match 53",
        "week": "4",
        "venue": "Samara Arena (Samara)",
        "venue_id": "91538",
        "venue_city": "Samara",
        "status": "",
        "timer": "",
        "time": "14:00",
        "localteam_id": "",
        "localteam_name": "1E",
        "localteam_score": "",
        "visitorteam_id": "",
        "visitorteam_name": "2F",
        "visitorteam_score": "",
        "ht_score": "[]",
        "ft_score": "[-]",
        "et_score": null,
        "penalty_local": null,
        "penalty_visitor": null,
        "events": []
    },
    {
        "id": "2386491",
        "comp_id": "1056",
        "match_type": "Round Of 16",
        "formatted_date": "02.07.2018",
        "season": "2018",
        "match_number": "Match 54",
        "week": "4",
        "venue": "Rostov Arena (Rostov)",
        "venue_id": "91539",
        "venue_city": "Rostov",
        "status": "",
        "timer": "",
        "time": "18:00",
        "localteam_id": "",
        "localteam_name": "1G",
        "localteam_score": "",
        "visitorteam_id": "",
        "visitorteam_name": "2H",
        "visitorteam_score": "",
        "ht_score": "[]",
        "ft_score": "[-]",
        "et_score": null,
        "penalty_local": null,
        "penalty_visitor": null,
        "events": []
    },
    {
        "id": "2386460",
        "comp_id": "1056",
        "match_type": "Round Of 16",
        "formatted_date": "03.07.2018",
        "season": "2018",
        "match_number": "Match 55",
        "week": "4",
        "venue": "Stadion Krestovskyi (Sankt-Peterburg (St. Petersburg))",
        "venue_id": "90211",
        "venue_city": "St. Petersburg",
        "status": "",
        "timer": "",
        "time": "14:00",
        "localteam_id": "",
        "localteam_name": "1F",
        "localteam_score": "",
        "visitorteam_id": "",
        "visitorteam_name": "2E",
        "visitorteam_score": "",
        "ht_score": "[]",
        "ft_score": "[-]",
        "et_score": null,
        "penalty_local": null,
        "penalty_visitor": null,
        "events": []
    },
    {
        "id": "2386492",
        "comp_id": "1056",
        "match_type": "Round Of 16",
        "formatted_date": "03.07.2018",
        "season": "2018",
        "match_number": "Match 56",
        "week": "4",
        "venue": "Otkrytiye Arena (Moskva)",
        "venue_id": "76836",
        "venue_city": "Moskva",
        "status": "",
        "timer": "",
        "time": "18:00",
        "localteam_id": "",
        "localteam_name": "1H",
        "localteam_score": "",
        "visitorteam_id": "",
        "visitorteam_name": "2G",
        "visitorteam_score": "",
        "ht_score": "[]",
        "ft_score": "[-]",
        "et_score": null,
        "penalty_local": null,
        "penalty_visitor": null,
        "events": []
    },
    {
        "id": "57",
        "comp_id": "1056",
        "match_type": "Quarter Finals",
        "formatted_date": "06.07.2018",
        "season": "2018",
        "match_number": "Match 57",
        "week": "4",
        "venue": "Stadion Nizhny Novgorod (Nizhniy Novgorod (Nizhnij Novgorod))",
        "venue_id": "91540",
        "venue_city": "Nizhnij Novgorod",
        "status": "",
        "timer": "",
        "time": "14:00",
        "localteam_id": "",
        "localteam_name": "Winner Match 49",
        "localteam_score": "",
        "visitorteam_id": "",
        "visitorteam_name": "Winner Match 50",
        "visitorteam_score": "",
        "ht_score": "[]",
        "ft_score": "[-]",
        "et_score": null,
        "penalty_local": null,
        "penalty_visitor": null,
        "events": []
    },
    {
        "id": "58",
        "comp_id": "1056",
        "match_type": "Quarter Finals",
        "formatted_date": "06.07.2018",
        "season": "2018",
        "match_number": "Match 58",
        "week": "4",
        "venue": "Kazan' Arena (Kazan')",
        "venue_id": "82606",
        "venue_city": "Kazan'",
        "status": "",
        "timer": "",
        "time": "18:00",
        "localteam_id": "",
        "localteam_name": "Winner Match 53",
        "localteam_score": "",
        "visitorteam_id": "",
        "visitorteam_name": "Winner Match 54",
        "visitorteam_score": "",
        "ht_score": "[]",
        "ft_score": "[-]",
        "et_score": null,
        "penalty_local": null,
        "penalty_visitor": null,
        "events": []
    },
    {
        "id": "59",
        "comp_id": "1056",
        "match_type": "Quarter Finals",
        "formatted_date": "07.07.2018",
        "season": "2018",
        "match_number": "Match 59",
        "week": "4",
        "venue": "Olimpiyskiy Stadion Fisht (Sochi)",
        "venue_id": "89713",
        "venue_city": "Sochi",
        "status": "",
        "timer": "",
        "time": "18:00",
        "localteam_id": "",
        "localteam_name": "Winner Match 55",
        "localteam_score": "",
        "visitorteam_id": "",
        "visitorteam_name": "Winner Match 56",
        "visitorteam_score": "",
        "ht_score": "[]",
        "ft_score": "[-]",
        "et_score": null,
        "penalty_local": null,
        "penalty_visitor": null,
        "events": []
    },
    {
        "id": "60",
        "comp_id": "1056",
        "match_type": "Quarter Finals",
        "formatted_date": "07.07.2018",
        "season": "2018",
        "match_number": "Match 60",
        "week": "4",
        "venue": "Samara Arena (Samara)",
        "venue_id": "91538",
        "venue_city": "Samara",
        "status": "",
        "timer": "",
        "time": "14:00",
        "localteam_id": "",
        "localteam_name": "Winner Match 51",
        "localteam_score": "",
        "visitorteam_id": "",
        "visitorteam_name": "Winner Match 52",
        "visitorteam_score": "",
        "ht_score": "[]",
        "ft_score": "[-]",
        "et_score": null,
        "penalty_local": null,
        "penalty_visitor": null,
        "events": []
    },
    {
        "id": "61",
        "comp_id": "1056",
        "match_type": "Semi Finals",
        "formatted_date": "10.07.2018",
        "season": "2018",
        "match_number": "Match 61",
        "week": "4",
        "venue": "Stadion Krestovskyi (Sankt-Peterburg (St. Petersburg))",
        "venue_id": "90211",
        "venue_city": "St. Petersburg",
        "status": "",
        "timer": "",
        "time": "18:00",
        "localteam_id": "",
        "localteam_name": "Winner Match 57",
        "localteam_score": "",
        "visitorteam_id": "",
        "visitorteam_name": "Winner Match 58",
        "visitorteam_score": "",
        "ht_score": "[]",
        "ft_score": "[-]",
        "et_score": null,
        "penalty_local": null,
        "penalty_visitor": null,
        "events": []
    },
    {
        "id": "62",
        "comp_id": "1056",
        "match_type": "Semi Finals",
        "formatted_date": "11.07.2018",
        "season": "2018",
        "match_number": "Match 62",
        "week": "4",
        "venue": "Olimpiyskiy stadion Luzhniki (Moskva)",
        "venue_id": "90119",
        "venue_city": "Moskva",
        "status": "",
        "timer": "",
        "time": "18:00",
        "localteam_id": "",
        "localteam_name": "Winner Match 59",
        "localteam_score": "",
        "visitorteam_id": "",
        "visitorteam_name": "Winner Match 60",
        "visitorteam_score": "",
        "ht_score": "[]",
        "ft_score": "[-]",
        "et_score": null,
        "penalty_local": null,
        "penalty_visitor": null,
        "events": []
    },
    {
        "id": "63",
        "comp_id": "1056",
        "match_type": "3rd place",
        "formatted_date": "14.07.2018",
        "season": "2018",
        "match_number": "Match 63",
        "week": "4",
        "venue": "Stadion Krestovskyi (Sankt-Peterburg (St. Petersburg))",
        "venue_id": "90211",
        "venue_city": "St. Petersburg",
        "status": "",
        "timer": "",
        "time": "14:00",
        "localteam_id": "",
        "localteam_name": "Loser Match 61",
        "localteam_score": "",
        "visitorteam_id": "",
        "visitorteam_name": "Loser Match 62",
        "visitorteam_score": "",
        "ht_score": "[]",
        "ft_score": "[-]",
        "et_score": null,
        "penalty_local": null,
        "penalty_visitor": null,
        "events": []
    },
    {
        "id": "64",
        "comp_id": "1056",
        "match_type": "Final",
        "formatted_date": "15.07.2018",
        "season": "2018",
        "match_number": "Match 64",
        "week": "4",
        "venue": "Olimpiyskiy stadion Luzhniki (Moskva)",
        "venue_id": "90119",
        "venue_city": "Moskva",
        "status": "",
        "timer": "",
        "time": "15:00",
        "localteam_id": "",
        "localteam_name": "Winner Match 61",
        "localteam_score": "",
        "visitorteam_id": "",
        "visitorteam_name": "Winner Match 62",
        "visitorteam_score": "",
        "ht_score": "[]",
        "ft_score": "[-]",
        "et_score": null,
        "penalty_local": null,
        "penalty_visitor": null,
        "events": []
    }
]