[
  {
    "team_id": "8878",
    "country_name": "Egypt",
    "rss_feed_url": "http://www.fifa.com/associations/association=egy/news/rss.xml"
  },
  {
    "team_id": "14778",
    "country_name": "Russia",
    "rss_feed_url": "http://www.fifa.com/associations/association=rus/news/rss.xml"
  },
  {
    "team_id": "14987",
    "country_name": "Saudi Arabia",
    "rss_feed_url": "http://www.fifa.com/associations/association=ksa/news/rss.xml"
  },
  {
    "team_id": "17412",
    "country_name": "Uruguay",
    "rss_feed_url": "http://www.fifa.com/associations/association=uru/news/rss.xml"
  },
  {
    "team_id": "11442",
    "country_name": "Iran",
    "rss_feed_url": "http://www.fifa.com/associations/association=irn/news/rss.xml"
  },
  {
    "team_id": "13094",
    "country_name": "Morocco",
    "rss_feed_url": "http://www.fifa.com/associations/association=mar/news/rss.xml"
  },
  {
    "team_id": "14227",
    "country_name": "Portugal",
    "rss_feed_url": "http://www.fifa.com/associations/association=por/news/rss.xml"
  },
  {
    "team_id": "15622",
    "country_name": "Spain",
    "rss_feed_url": "http://www.fifa.com/associations/association=esp/news/rss.xml"
  },
  {
    "team_id": "6135",
    "country_name": "Australia",
    "rss_feed_url": "http://www.fifa.com/associations/association=aus/news/rss.xml"
  },
  {
    "team_id": "8671",
    "country_name": "Denmark",
    "rss_feed_url": "http://www.fifa.com/associations/association=den/news/rss.xml"
  },
  {
    "team_id": "9815",
    "country_name": "France",
    "rss_feed_url": "http://www.fifa.com/associations/association=fra/news/rss.xml"
  },
  {
    "team_id": "13898",
    "country_name": "Peru",
    "rss_feed_url": "http://www.fifa.com/associations/association=per/news/rss.xml"
  },
  {
    "team_id": "5886",
    "country_name": "Argentina",
    "rss_feed_url": "http://www.fifa.com/associations/association=arg/news/rss.xml"
  },
  {
    "team_id": "8243",
    "country_name": "Croatia",
    "rss_feed_url": "http://www.fifa.com/associations/association=cro/news/rss.xml"
  },
  {
    "team_id": "11262",
    "country_name": "Iceland",
    "rss_feed_url": "http://www.fifa.com/associations/association=isl/news/rss.xml"
  },
  {
    "team_id": "13584",
    "country_name": "Nigeria",
    "rss_feed_url": "http://www.fifa.com/associations/association=nga/news/rss.xml"
  },
  {
    "team_id": "7084",
    "country_name": "Brazil",
    "rss_feed_url": "http://www.fifa.com/associations/association=bra/news/rss.xml"
  },
  {
    "team_id": "8182",
    "country_name": "Costa Rica",
    "rss_feed_url": "http://www.fifa.com/associations/association=crc/news/rss.xml"
  },
  {
    "team_id": "16598",
    "country_name": "Switzerland",
    "rss_feed_url": "http://www.fifa.com/associations/association=sui/news/rss.xml"
  },
  {
    "team_id": "15152",
    "country_name": "Siberia",
    "rss_feed_url": "http://www.fifa.com/associations/association=srb/news/rss.xml"
  },
  {
    "team_id": "10245",
    "country_name": "Germany",
    "rss_feed_url": "http://www.fifa.com/associations/association=ger/news/rss.xml"
  },
  {
    "team_id": "12303",
    "country_name": "Korea Republic",
    "rss_feed_url": "http://www.fifa.com/associations/association=kor/news/rss.xml"
  },
  {
    "team_id": "12909",
    "country_name": "Mexico",
    "rss_feed_url": "http://www.fifa.com/associations/association=mex/news/rss.xml"
  },
  {
    "team_id": "16400",
    "country_name": "Sweden",
    "rss_feed_url": "http://www.fifa.com/associations/association=swe/news/rss.xml"
  },
  {
    "team_id": "6737",
    "country_name": "Belgium",
    "rss_feed_url": "http://www.fifa.com/associations/association=bel/news/rss.xml"
  },
  {
    "team_id": "8981",
    "country_name": "England",
    "rss_feed_url": "http://www.fifa.com/associations/association=eng/news/rss.xml"
  },
  {
    "team_id": "13849",
    "country_name": "Panama",
    "rss_feed_url": "http://www.fifa.com/associations/association=pan/news/rss.xml"
  },
  {
    "team_id": "16913",
    "country_name": "Tunisia",
    "rss_feed_url": "http://www.fifa.com/associations/association=tun/news/rss.xml"
  },
  {
    "team_id": "8117",
    "country_name": "Colombia",
    "rss_feed_url": "http://www.fifa.com/associations/association=col/news/rss.xml"
  },
  {
    "team_id": "12124",
    "country_name": "Japan",
    "rss_feed_url": "http://www.fifa.com/associations/association=jpn/news/rss.xml"
  },
  {
    "team_id": "13953",
    "country_name": "Poland",
    "rss_feed_url": "http://www.fifa.com/associations/association=pol/news/rss.xml"
  },
  {
    "team_id": "15132",
    "country_name": "Senegal",
    "rss_feed_url": "http://www.fifa.com/associations/association=sen/news/rss.xml"
  }
]