 {
     "data": {
         "commentaries": {
             "match_id": "2323188",
             "match_info": [{
                 "stadium": "Central Stadium, Yekaterinburg",
                 "attendance": "",
                 "referee": ""
             }],
             "lineup": {
                 "localteam": [{
                         "id": "87623",
                         "number": "23",
                         "name": "Mohamed El-Shenawy",
                         "pos": "G"
                     },
                     {
                         "id": "96839",
                         "number": "6",
                         "name": "Ahmed Hegazi",
                         "pos": "CD-L"
                     },
                     {
                         "id": "115567",
                         "number": "2",
                         "name": "Ali Gabr",
                         "pos": "CD-R"
                     },
                     {
                         "id": "87390",
                         "number": "13",
                         "name": "Mohamed Abdel-Shafy",
                         "pos": "LB"
                     },
                     {
                         "id": "5232",
                         "number": "7",
                         "name": "Ahmed Fathi",
                         "pos": "RB"
                     },
                     {
                         "id": "33935",
                         "number": "19",
                         "name": "Abdalla Said",
                         "pos": "AM"
                     },
                     {
                         "id": "407523",
                         "number": "8",
                         "name": "Tarek Hamed",
                         "pos": "LM"
                     },
                     {
                         "id": "153493",
                         "number": "17",
                         "name": "Mohamed Elneny",
                         "pos": "RM"
                     },
                     {
                         "id": "141587",
                         "number": "9",
                         "name": "Marwan Mohsen",
                         "pos": "F"
                     },
                     {
                         "id": "253078",
                         "number": "21",
                         "name": "Trezeguet",
                         "pos": "AM-L"
                     },
                     {
                         "id": "416155",
                         "number": "22",
                         "name": "Amr Warda",
                         "pos": "AM-R"
                     }
                 ],
                 "visitorteam": [{
                         "id": "19752",
                         "number": "1",
                         "name": "Fernando Muslera",
                         "pos": "G"
                     },
                     {
                         "id": "20153",
                         "number": "3",
                         "name": "Diego GodÃ­n",
                         "pos": "CD-L"
                     },
                     {
                         "id": "263781",
                         "number": "2",
                         "name": "JosÃ© GimÃ©nez",
                         "pos": "CD-R"
                     },
                     {
                         "id": "19070",
                         "number": "22",
                         "name": "MartÃ­n CÃ¡ceres",
                         "pos": "LB"
                     },
                     {
                         "id": "192656",
                         "number": "4",
                         "name": "Gullermo Varela",
                         "pos": "RB"
                     },
                     {
                         "id": "396178",
                         "number": "6",
                         "name": "Rodrigo Bentancur",
                         "pos": "CM-L"
                     },
                     {
                         "id": "121289",
                         "number": "15",
                         "name": "MatÃ­as Vecino",
                         "pos": "CM-R"
                     },
                     {
                         "id": "247639",
                         "number": "10",
                         "name": "Giorgian de Arrascaeta",
                         "pos": "LM"
                     },
                     {
                         "id": "331580",
                         "number": "8",
                         "name": "Nahitan NÃ¡ndez",
                         "pos": "RM"
                     },
                     {
                         "id": "5920",
                         "number": "21",
                         "name": "Edinson Cavani",
                         "pos": "CF-L"
                     },
                     {
                         "id": "2290",
                         "number": "9",
                         "name": "Luis SuÃ¡rez",
                         "pos": "CF-R"
                     }
                 ]
             },
             "subs": {
                 "localteam": [{
                         "id": "94152",
                         "number": "5",
                         "name": "Sam Morsy",
                         "pos": "Sub"
                     },
                     {
                         "id": "211905",
                         "number": "11",
                         "name": "Kahraba",
                         "pos": "Sub"
                     },
                     {
                         "id": "346587",
                         "number": "14",
                         "name": "Ramadan Sobhi",
                         "pos": "Sub"
                     },
                     {
                         "id": "2244",
                         "number": "16",
                         "name": "Sherif Ekramy",
                         "pos": "Sub"
                     },
                     {
                         "id": "21388",
                         "number": "1",
                         "name": "Essam El-Hadary",
                         "pos": "Sub"
                     },
                     {
                         "id": "21390",
                         "number": "3",
                         "name": "Ahmed Elmohamady",
                         "pos": "Sub"
                     },
                     {
                         "id": "33900",
                         "number": "18",
                         "name": "Shikabala",
                         "pos": "Sub"
                     },
                     {
                         "id": "138942",
                         "number": "4",
                         "name": "Omar Gaber",
                         "pos": "Sub"
                     },
                     {
                         "id": "138653",
                         "number": "10",
                         "name": "Mohamed Salah",
                         "pos": "Sub"
                     },
                     {
                         "id": "328628",
                         "number": "15",
                         "name": "Mahmoud Hamdy",
                         "pos": "Sub"
                     },
                     {
                         "id": "96846",
                         "number": "12",
                         "name": "Ayman Ashraf",
                         "pos": "Sub"
                     },
                     {
                         "id": "115558",
                         "number": "20",
                         "name": "Samir Saad",
                         "pos": "Sub"
                     }
                 ],
                 "visitorteam": [{
                         "id": "10388",
                         "number": "7",
                         "name": "Cristian RodrÃ­guez",
                         "pos": "Sub"
                     },
                     {
                         "id": "57280",
                         "number": "5",
                         "name": "Carlos SÃ¡nchez",
                         "pos": "Sub"
                     },
                     {
                         "id": "413470",
                         "number": "18",
                         "name": "Maxi GÃ³mez",
                         "pos": "Sub"
                     },
                     {
                         "id": "55853",
                         "number": "23",
                         "name": "MartÃ­n Silva",
                         "pos": "Sub"
                     },
                     {
                         "id": "10391",
                         "number": "16",
                         "name": "Maxi Pereira",
                         "pos": "Sub"
                     },
                     {
                         "id": "21091",
                         "number": "11",
                         "name": "Cristhian Stuani",
                         "pos": "Sub"
                     },
                     {
                         "id": "72487",
                         "number": "20",
                         "name": "Jonathan Urretaviscaya",
                         "pos": "Sub"
                     },
                     {
                         "id": "91568",
                         "number": "12",
                         "name": "MartÃ­n CampaÃ±a",
                         "pos": "Sub"
                     },
                     {
                         "id": "77863",
                         "number": "19",
                         "name": "SebastiÃ¡n Coates",
                         "pos": "Sub"
                     },
                     {
                         "id": "181025",
                         "number": "13",
                         "name": "GastÃ³n Silva",
                         "pos": "Sub"
                     },
                     {
                         "id": "224322",
                         "number": "17",
                         "name": "Diego Laxalt",
                         "pos": "Sub"
                     },
                     {
                         "id": "348191",
                         "number": "14",
                         "name": "Lucas Torreira",
                         "pos": "Sub"
                     }
                 ]
             },
             "substitutions": {
                 "localteam": [{
                         "off_name": "Tarek Hamed",
                         "on_name": "Sam Morsy",
                         "off_id": "407523",
                         "on_id": "94152",
                         "minute": "50",
                         "table_id": "14427593"
                     },
                     {
                         "off_name": "Marwan Mohsen",
                         "on_name": "Kahraba",
                         "off_id": "141587",
                         "on_id": "211905",
                         "minute": "63",
                         "table_id": "14427594"
                     },
                     {
                         "off_name": "Amr Warda",
                         "on_name": "Ramadan Sobhi",
                         "off_id": "416155",
                         "on_id": "346587",
                         "minute": "82",
                         "table_id": "14427595"
                     }
                 ],
                 "visitorteam": [{
                         "off_name": "Nahitan NÃ¡ndez",
                         "on_name": "Carlos SÃ¡nchez",
                         "off_id": "331580",
                         "on_id": "57280",
                         "minute": "58",
                         "table_id": "14427592"
                     },
                     {
                         "off_name": "Giorgian de Arrascaeta",
                         "on_name": "Cristian RodrÃ­guez",
                         "off_id": "247639",
                         "on_id": "10388",
                         "minute": "59",
                         "table_id": "14427591"
                     }
                 ]
             },
             "comments": [{
                     "id": "593482887",
                     "important": "0",
                     "isgoal": "0",
                     "minute": "82'",
                     "comment": "Substitution -  Egypt. Ramadan Sobhi for Amr Warda."
                 },
                 {
                     "id": "593482888",
                     "important": "0",
                     "isgoal": "0",
                     "minute": "81'",
                     "comment": "Missed chance. Mohamed Elneny  - Egypt -  shot with right foot from the centre of the box is close, but missed to the left."
                 },
                 {
                     "id": "593482889",
                     "important": "0",
                     "isgoal": "0",
                     "minute": "75'",
                     "comment": "Guillermo Varela  - Uruguay -  won a free kick in defence."
                 },
                 {
                     "id": "593482890",
                     "important": "0",
                     "isgoal": "0",
                     "minute": "75'",
                     "comment": "Fouled by TrÃ©zÃ©guet  - Egypt"
                 },
                 {
                     "id": "593482891",
                     "important": "0",
                     "isgoal": "0",
                     "minute": "75'",
                     "comment": "Delay over. They are ready to continue."
                 },
                 {
                     "id": "593482892",
                     "important": "0",
                     "isgoal": "0",
                     "minute": "73'",
                     "comment": "Delay in match Mohamed El-Shenawy  - Egypt -   - injury."
                 },
                 {
                     "id": "593482893",
                     "important": "0",
                     "isgoal": "0",
                     "minute": "72'",
                     "comment": "New attacking attempt. Ahmed Fathy  - Egypt -  shot with right foot from outside the box is saved by goalkeeper in the centre of the goal. Assist -  Amr Warda."
                 }
             ]

         }